{
  "train_auc": 0.9999999999999999,
  "test_auc": 0.9687222715173026,
  "cv_auc_mean": 0.8875633889106288,
  "cv_auc_std": 0.07736597887822426,
  "cv_auc_scores": [
    0.7397342995169082,
    0.9005847953216374,
    0.9591836734693877,
    0.9388888888888889,
    0.8994252873563218
  ],
  "train_pearson_r": 0.778356249769334,
  "test_pearson_r": 0.7281141392190736,
  "train_mse": 0.13447381415607432,
  "test_mse": 0.1284267846510863,
  "peak_year": 2019,
  "trough_year": 2020
}